-- ============================================================
-- FILE: 08_restore_from_sqlserver.sql  (v2 - Fixed for SQL Developer)
-- MUC DICH: Khoi phuc du lieu tu SQL Server sang Oracle
-- CHAY BANG: User TRASUA voi SQL Developer
-- BUOC CHUAN BI:
--   1. Connect: TRASUA / TraSua@2024
--   2. Chon Tools > Preferences > Database > SQL Developer
--      Hoac chi can bam F5 de chay ca file
-- GHI CHU: Dung GENERATED BY DEFAULT thay vi OVERRIDING SYSTEM VALUE
--          vi SQL Developer khong ho tro OVERRIDING SYSTEM VALUE
-- ============================================================

SET SERVEROUTPUT ON;

-- ============================================================
-- BUOC 0: DOI IDENTITY -> GENERATED BY DEFAULT (cho phep insert ID thu cong)
-- ============================================================
ALTER TABLE role             MODIFY id GENERATED BY DEFAULT AS IDENTITY;
ALTER TABLE customer         MODIFY id GENERATED BY DEFAULT AS IDENTITY;
ALTER TABLE branch           MODIFY id GENERATED BY DEFAULT AS IDENTITY;
ALTER TABLE account          MODIFY id GENERATED BY DEFAULT AS IDENTITY;
ALTER TABLE address_shipping MODIFY id GENERATED BY DEFAULT AS IDENTITY;

BEGIN DBMS_OUTPUT.PUT_LINE('>>> Da doi sang GENERATED BY DEFAULT xong.'); END;
/

-- ============================================================
-- BUOC 1: XOA DU LIEU CU (theo thu tu con -> cha)
-- ============================================================
-- Neu muon script khong dung lai khi bang chua co du lieu, co the dung EXCEPTION
-- Nhung o day chung ta can chac chan du lieu duoc xoa, neu xoa loi (do FK) se biet ngay
BEGIN
    EXECUTE IMMEDIATE 'DELETE FROM chat_message';
    EXECUTE IMMEDIATE 'DELETE FROM verification_code';
    EXECUTE IMMEDIATE 'DELETE FROM bill_detail_topping';
    EXECUTE IMMEDIATE 'DELETE FROM return_detail';
    EXECUTE IMMEDIATE 'DELETE FROM bill_return';
    EXECUTE IMMEDIATE 'DELETE FROM payment';
    EXECUTE IMMEDIATE 'DELETE FROM bill_detail';
    EXECUTE IMMEDIATE 'DELETE FROM bill';
    EXECUTE IMMEDIATE 'DELETE FROM cart';
    EXECUTE IMMEDIATE 'DELETE FROM branch_inventory';
    EXECUTE IMMEDIATE 'DELETE FROM address_shipping';
    EXECUTE IMMEDIATE 'DELETE FROM account';
    EXECUTE IMMEDIATE 'DELETE FROM customer';
    EXECUTE IMMEDIATE 'DELETE FROM branch';
    EXECUTE IMMEDIATE 'DELETE FROM role';
    EXECUTE IMMEDIATE 'DELETE FROM payment_method';
EXCEPTION WHEN OTHERS THEN
    DBMS_OUTPUT.PUT_LINE('Loi khi xoa du lieu cu: ' || SQLERRM);
END;
/
COMMIT;
BEGIN DBMS_OUTPUT.PUT_LINE('>>> Xoa du lieu cu xong.'); END;
/

-- ============================================================
-- BUOC 2: ROLE
-- ============================================================
INSERT INTO role (id, name) VALUES (1, 'ROLE_ADMIN');
INSERT INTO role (id, name) VALUES (2, 'ROLE_STAFF');
INSERT INTO role (id, name) VALUES (3, 'ROLE_USER');
INSERT INTO role (id, name) VALUES (4, 'ROLE_GUEST');
INSERT INTO role (id, name) VALUES (5, 'ROLE_VENDOR');
COMMIT;
BEGIN DBMS_OUTPUT.PUT_LINE('>>> Insert ROLE xong.'); END;
/

-- ============================================================
-- BUOC 3: PAYMENT_METHOD (khong co IDENTITY)
-- ============================================================
INSERT INTO payment_method (id, name, status) VALUES (1, 'TIEN_MAT', 1);
INSERT INTO payment_method (id, name, status) VALUES (2, 'CHUYEN_KHOAN', 1);
INSERT INTO payment_method (id, name, status) VALUES (3, 'THE', 1);
INSERT INTO payment_method (id, name, status) VALUES (4, 'ONLINE', 1);
COMMIT;
BEGIN DBMS_OUTPUT.PUT_LINE('>>> Insert PAYMENT_METHOD xong.'); END;
/

-- ============================================================
-- BUOC 4: CUSTOMER
-- ============================================================
INSERT INTO customer (id, code, name, email, phone_number) VALUES (1,  'KH0001', 'Khach Hang 01',    'kh01@gmail.com',           '0900000001');
INSERT INTO customer (id, code, name, email, phone_number) VALUES (2,  'KH0002', 'Khach Hang 02',    'kh02@gmail.com',           '0900000002');
INSERT INTO customer (id, code, name, email, phone_number) VALUES (3,  'KH0003', 'Khach Hang 03',    'kh03@gmail.com',           '0900000003');
INSERT INTO customer (id, code, name, email, phone_number) VALUES (4,  'KH0004', 'Khach Hang 04',    'kh04@gmail.com',           '0900000004');
INSERT INTO customer (id, code, name, email, phone_number) VALUES (5,  'KH0005', 'Huy Nguyen',       'Huy@gmail.com',            '0900000005');
INSERT INTO customer (id, code, name, email, phone_number) VALUES (6,  'KH0006', 'Admin User',       'admin@gmail.com',          '0900000006');
INSERT INTO customer (id, code, name, email, phone_number) VALUES (7,  'KH0007', 'Khach Hang 07',    'kh07@gmail.com',           '0900000007');
INSERT INTO customer (id, code, name, email, phone_number) VALUES (8,  'KH0008', 'Nhan Vien',        'nhanvien@gmail.com',       '0900000008');
INSERT INTO customer (id, code, name, email, phone_number) VALUES (9,  'KH0009', 'Sang NNN',         'sangnnph28386@fpt.edu.vn', '0900000009');
INSERT INTO customer (id, code, name, email, phone_number) VALUES (10, 'KH0010', 'Khach Hang 10',    'kh10@gmail.com',           '0900000010');
INSERT INTO customer (id, code, name, email, phone_number) VALUES (11, 'KH0011', 'Kevyn Sang',       'Kevynsang1@gmail.com',     '0900000011');
INSERT INTO customer (id, code, name, email, phone_number) VALUES (12, 'KH0012', 'Khach Hang 12',    'kh12@gmail.com',           '0900000012');
INSERT INTO customer (id, code, name, email, phone_number) VALUES (13, 'KH0013', 'Vendor Test',      'vendor@test.com',          '0900000013');
INSERT INTO customer (id, code, name, email, phone_number) VALUES (16, 'KH0016', 'Kevyn Sang 2',     'Kevynsang292003@gmail.com','0900000016');
INSERT INTO customer (id, code, name, email, phone_number) VALUES (19, 'KH0019', 'Nguyen NNN',       'nnnnnn@gmail.com',         '0900000019');
INSERT INTO customer (id, code, name, email, phone_number) VALUES (20, 'KH0020', 'Demo Web',         'demoweb@gmail.com',        '0900000020');
INSERT INTO customer (id, code, name, email, phone_number) VALUES (21, 'KH0021', 'Demo Code',        'democode@gmail.com',       '0900000021');
INSERT INTO customer (id, code, name, email, phone_number) VALUES (22, 'KH0022', 'Lucky Dayne',      'luckydayne131@gmail.com',  '0900000022');
INSERT INTO customer (id, code, name, email, phone_number) VALUES (23, 'KH0023', 'Khach Hang',       'khachhang@gmail.com',      '0900000023');
INSERT INTO customer (id, code, name, email, phone_number) VALUES (24, 'KH0024', 'Demo 22',          'demo22@gmail.com',         '0900000024');
INSERT INTO customer (id, code, name, email, phone_number) VALUES (25, 'KH0025', 'Duy C',            'duyc080807@gmail.com',     '0900000025');
INSERT INTO customer (id, code, name, email, phone_number) VALUES (26, 'KH0026', 'NDC Asasin',       'ndc0099asasin@gmail.com',  '0900000026');
INSERT INTO customer (id, code, name, email, phone_number) VALUES (27, 'KH0027', 'Khach Hang 27',    'kh27@gmail.com',           '0900000027');
INSERT INTO customer (id, code, name, email, phone_number) VALUES (28, 'KH0028', 'Khach Hang 28',    'kh28@gmail.com',           '0900000028');
INSERT INTO customer (id, code, name, email, phone_number) VALUES (29, 'KH0029', 'Phan Duan',        'phanduan2021vg@gmail.com', '0900000029');
INSERT INTO customer (id, code, name, email, phone_number) VALUES (30, 'KH0030', 'Khach Hang 30',    'kh30@gmail.com',           '0900000030');
INSERT INTO customer (id, code, name, email, phone_number) VALUES (31, 'KH0031', 'Vo Tin',           'votin02061998@gmail.com',  '0900000031');
COMMIT;
BEGIN DBMS_OUTPUT.PUT_LINE('>>> Insert CUSTOMER xong.'); END;
/

-- ============================================================
-- BUOC 5: BRANCH
-- ============================================================
INSERT INTO branch (id, branch_name, address, phone, email, is_active, create_date, update_date, branch_code) VALUES (8,  'Chi nhanh 8',  'Dia chi chi nhanh 8',  '0900000008', 'branch8@trasua.vn',  1, SYSDATE, SYSDATE, 'CN008');
INSERT INTO branch (id, branch_name, address, phone, email, is_active, create_date, update_date, branch_code) VALUES (9,  'Chi nhanh 9',  'Dia chi chi nhanh 9',  '0900000009', 'branch9@trasua.vn',  1, SYSDATE, SYSDATE, 'CN009');
INSERT INTO branch (id, branch_name, address, phone, email, is_active, create_date, update_date, branch_code) VALUES (11, 'Chi nhanh 11', 'Dia chi chi nhanh 11', '0900000011', 'branch11@trasua.vn', 1, SYSDATE, SYSDATE, 'CN011');
INSERT INTO branch (id, branch_name, address, phone, email, is_active, create_date, update_date, branch_code) VALUES (12, 'Chi nhanh 12', 'Dia chi chi nhanh 12', '0900000012', 'branch12@trasua.vn', 1, SYSDATE, SYSDATE, 'CN012');
COMMIT;
BEGIN DBMS_OUTPUT.PUT_LINE('>>> Insert BRANCH xong.'); END;
/

-- ============================================================
-- BUOC 6: ACCOUNT
-- Chuyen doi: CAST(N'...' AS DateTime2) -> TO_TIMESTAMP('...','YYYY-MM-DD HH24:MI:SS.FF7')
-- Password BCrypt hash giu nguyen (100% tuong thich voi Spring Security)
-- ============================================================
INSERT INTO account (id, birth_day, code, create_date, email, is_non_locked, password, update_date, customer_id, role_id, branch_id)
VALUES (3, TO_TIMESTAMP('2002-12-12 00:00:00.0000000','YYYY-MM-DD HH24:MI:SS.FF7'), 'TK0001', TO_TIMESTAMP('2023-12-11 00:00:00.0000000','YYYY-MM-DD HH24:MI:SS.FF7'), 'abc@gmail.com', 1, '$2a$10$qSYJ26q5Fk6XourrT0UuNOPe6TmlIelQL2CL2.g2DZ1xtR1dESMWm', TO_TIMESTAMP('2025-10-28 01:40:41.7501423','YYYY-MM-DD HH24:MI:SS.FF7'), 4, 2, 11);

INSERT INTO account (id, birth_day, code, create_date, email, is_non_locked, password, update_date, customer_id, role_id, branch_id)
VALUES (4, TO_TIMESTAMP('2002-12-12 00:00:00.0000000','YYYY-MM-DD HH24:MI:SS.FF7'), 'TK0004', TO_TIMESTAMP('2023-11-12 00:00:00.0000000','YYYY-MM-DD HH24:MI:SS.FF7'), 'Huy@gmail.com', 1, '$2a$10$Ro2M2xmFAxSrQ.cC5XsFUe9sboYpBcwqUt9.xVeyKaWFqjwJ1UAhG', NULL, 5, 1, NULL);

-- ADMIN (role_id=1)
INSERT INTO account (id, birth_day, code, create_date, email, is_non_locked, password, update_date, customer_id, role_id, branch_id)
VALUES (5, TO_TIMESTAMP('2002-12-12 00:00:00.0000000','YYYY-MM-DD HH24:MI:SS.FF7'), 'TK0005', TO_TIMESTAMP('2023-12-22 00:00:00.0000000','YYYY-MM-DD HH24:MI:SS.FF7'), 'admin@gmail.com', 1, '$2a$10$qSYJ26q5Fk6XourrT0UuNOPe6TmlIelQL2CL2.g2DZ1xtR1dESMWm', NULL, 6, 1, NULL);

-- STAFF (role_id=2, branch 12)
INSERT INTO account (id, birth_day, code, create_date, email, is_non_locked, password, update_date, customer_id, role_id, branch_id)
VALUES (12, TO_TIMESTAMP('2002-12-12 00:00:00.0000000','YYYY-MM-DD HH24:MI:SS.FF7'), 'TK0006', TO_TIMESTAMP('2023-12-11 00:00:00.0000000','YYYY-MM-DD HH24:MI:SS.FF7'), 'nhanvien@gmail.com', 1, '$2a$10$Yv./46kS8OoWUdZsFvxFYOchNqGJ/ZNGf55sPrSFXwksHKrnZ5eIG', TO_TIMESTAMP('2025-10-28 17:57:24.9812798','YYYY-MM-DD HH24:MI:SS.FF7'), 8, 2, 12);

INSERT INTO account (id, birth_day, code, create_date, email, is_non_locked, password, update_date, customer_id, role_id, branch_id)
VALUES (13, TO_TIMESTAMP('2002-12-12 00:00:00.0000000','YYYY-MM-DD HH24:MI:SS.FF7'), 'TK0013', TO_TIMESTAMP('2023-10-12 00:00:00.0000000','YYYY-MM-DD HH24:MI:SS.FF7'), 'sangnnph28386@fpt.edu.vn', 0, '$2a$10$VE7ki07ZmZtaQSz22HEPI.XrN8/xUy4S73.LILmPWHxaCMdTPhQIu', NULL, 9, 1, NULL);

INSERT INTO account (id, birth_day, code, create_date, email, is_non_locked, password, update_date, customer_id, role_id, branch_id)
VALUES (14, TO_TIMESTAMP('2002-12-12 00:00:00.0000000','YYYY-MM-DD HH24:MI:SS.FF7'), 'TK0014', TO_TIMESTAMP('2023-02-14 21:02:52.4441863','YYYY-MM-DD HH24:MI:SS.FF7'), 'Kevynsang1@gmail.com', 1, '$2a$10$9SxA3no.KGRx6n12yjN1PunEEIvsdSqJQB23gYCe/2D/38U9rq8m.', NULL, 11, 2, NULL);

INSERT INTO account (id, birth_day, code, create_date, email, is_non_locked, password, update_date, customer_id, role_id, branch_id)
VALUES (16, NULL, 'TK0015', TO_TIMESTAMP('2023-12-18 20:36:04.9429261','YYYY-MM-DD HH24:MI:SS.FF7'), 'Kevynsang292003@gmail.com', 0, '$2a$10$/Qu8dmEaJcOOy6LIV8RX5O3QkjYKb05cCLIiJjtOb4BoHfhw2po8a', NULL, 16, 2, NULL);

INSERT INTO account (id, birth_day, code, create_date, email, is_non_locked, password, update_date, customer_id, role_id, branch_id)
VALUES (17, NULL, 'TK0017', TO_TIMESTAMP('2024-05-14 20:51:06.6437568','YYYY-MM-DD HH24:MI:SS.FF7'), 'nnnnnn@gmail.com', 1, '$2a$10$qSYJ26q5Fk6XourrT0UuNOPe6TmlIelQL2CL2.g2DZ1xtR1dESMWm', NULL, 19, 1, NULL);

INSERT INTO account (id, birth_day, code, create_date, email, is_non_locked, password, update_date, customer_id, role_id, branch_id)
VALUES (18, NULL, 'TK0018', TO_TIMESTAMP('2024-05-16 14:00:47.4515408','YYYY-MM-DD HH24:MI:SS.FF7'), 'demoweb@gmail.com', 1, '$2a$10$DgVkjNwbtVtnk0iWDuqZfO9THIuIV4z/oa7ltlEcXEP7kCWXF5yEK', NULL, 20, 3, NULL);

INSERT INTO account (id, birth_day, code, create_date, email, is_non_locked, password, update_date, customer_id, role_id, branch_id)
VALUES (19, NULL, 'TK0019', TO_TIMESTAMP('2024-05-20 21:42:31.5975477','YYYY-MM-DD HH24:MI:SS.FF7'), 'democode@gmail.com', 1, '$2a$10$YnVrEFId45UretfYxlSyguKG1LijxAu8TwjuM0xwNrVoItls.mTjm', NULL, 21, 3, NULL);

INSERT INTO account (id, birth_day, code, create_date, email, is_non_locked, password, update_date, customer_id, role_id, branch_id)
VALUES (20, NULL, 'TK0020', TO_TIMESTAMP('2024-05-27 21:58:25.8377168','YYYY-MM-DD HH24:MI:SS.FF7'), 'luckydayne131@gmail.com', 1, '$2a$10$sRK01vOuruYBPY8.WvhIFu.CCU491NB4h/cYFgWoccP1Bdsp3yJIm', NULL, 22, 3, NULL);

INSERT INTO account (id, birth_day, code, create_date, email, is_non_locked, password, update_date, customer_id, role_id, branch_id)
VALUES (21, NULL, 'TK0021', TO_TIMESTAMP('2024-11-05 18:45:34.3431035','YYYY-MM-DD HH24:MI:SS.FF7'), 'khachhang@gmail.com', 1, '$2a$10$FR18UH5bQ2z3tSIl9EZGFOHyjsEhSNTEwd/9pcJ7gUpbwN61Mmz2y', NULL, 23, 3, NULL);

INSERT INTO account (id, birth_day, code, create_date, email, is_non_locked, password, update_date, customer_id, role_id, branch_id)
VALUES (22, NULL, 'TK0022', TO_TIMESTAMP('2025-10-10 15:59:19.7265238','YYYY-MM-DD HH24:MI:SS.FF7'), 'demo22@gmail.com', 1, '$2a$10$tgE5SJ2Pd0zFH71q8OVEC.R1du8S187n3x8AFhZopuARSetwa6TQK', NULL, 24, 3, NULL);

INSERT INTO account (id, birth_day, code, create_date, email, is_non_locked, password, update_date, customer_id, role_id, branch_id)
VALUES (23, NULL, 'TK0023', TO_TIMESTAMP('2025-10-11 14:34:59.1064158','YYYY-MM-DD HH24:MI:SS.FF7'), 'duyc080807@gmail.com', 1, '$2a$10$JeIJ/0t6B2teVVJCfyCzVeJugzP.RdjdEHlHYwzNA7jCg8bcB6CAq', NULL, 25, 3, NULL);

INSERT INTO account (id, birth_day, code, create_date, email, is_non_locked, password, update_date, customer_id, role_id, branch_id)
VALUES (24, NULL, 'TK0024', TO_TIMESTAMP('2025-10-12 13:48:37.8021356','YYYY-MM-DD HH24:MI:SS.FF7'), 'ndc0099asasin@gmail.com', 1, '$2a$10$h8wh.SKylFfepNTRi7qb0eSNlZ4oW1HQVPVF0XS4mKakEyECdtWEu', NULL, 26, 3, NULL);

-- VENDOR (branch 8)
INSERT INTO account (id, birth_day, code, create_date, email, is_non_locked, password, update_date, customer_id, role_id, branch_id)
VALUES (28, TO_TIMESTAMP('1999-01-01 00:00:00.0000000','YYYY-MM-DD HH24:MI:SS.FF7'), 'VENDOR001', TO_TIMESTAMP('2025-10-14 00:49:13.5800000','YYYY-MM-DD HH24:MI:SS.FF7'), 'vendor@test.com', 1, '$2a$10$qSYJ26q5Fk6XourrT0UuNOPe6TmlIelQL2CL2.g2DZ1xtR1dESMWm', TO_TIMESTAMP('2025-10-26 19:07:26.9752973','YYYY-MM-DD HH24:MI:SS.FF7'), 13, 2, 8);

INSERT INTO account (id, birth_day, code, create_date, email, is_non_locked, password, update_date, customer_id, role_id, branch_id)
VALUES (29, NULL, 'TK0029', TO_TIMESTAMP('2025-10-28 21:16:23.2332793','YYYY-MM-DD HH24:MI:SS.FF7'), 'phanduan2021vg@gmail.com', 1, '$2a$10$P00HTJPUHV7KUj8WEna/1.rRSXBneNSHmsofxelZH8RrOauidMd2y', NULL, 29, 3, NULL);

INSERT INTO account (id, birth_day, code, create_date, email, is_non_locked, password, update_date, customer_id, role_id, branch_id)
VALUES (30, NULL, 'TK0030', TO_TIMESTAMP('2026-05-23 08:40:12.7024389','YYYY-MM-DD HH24:MI:SS.FF7'), 'votin02061998@gmail.com', 1, '$2a$10$vjp.jpA.GUXWFfFwUE7rfu26mfnDa2rmDteKxn94XNI0ZZvBQp5/2', NULL, 31, 3, NULL);

COMMIT;
BEGIN DBMS_OUTPUT.PUT_LINE('>>> Insert ACCOUNT xong.'); END;
/

-- ============================================================
-- BUOC 7: ADDRESS_SHIPPING
-- ============================================================
INSERT INTO address_shipping (id, address, customer_id) VALUES (1,  'So 1, Xa Dong Hiep, Huyen Co Do, TP Can Tho', 1);
INSERT INTO address_shipping (id, address, customer_id) VALUES (2,  'So 1, Xa Hoa Bac, Huyen Hoa Vang, TP Da Nang', 4);
INSERT INTO address_shipping (id, address, customer_id) VALUES (3,  'so 101, Thi tran Phong Dien, Huyen Phong Dien, TP Can Tho', 4);
INSERT INTO address_shipping (id, address, customer_id) VALUES (4,  'so 101, Xa Co Loa, Huyen Dong Anh, TP Ha Noi', 9);
INSERT INTO address_shipping (id, address, customer_id) VALUES (5,  'so 101, Thi tran Phong Dien, Huyen Phong Dien, TP Can Tho', 9);
INSERT INTO address_shipping (id, address, customer_id) VALUES (6,  'so 101, Xa Bac Hong, Huyen Dong Anh, Ha Noi', 11);
INSERT INTO address_shipping (id, address, customer_id) VALUES (7,  'so 101, Xa Dai Yen, Huyen Chuong My, Ha Noi', 11);
INSERT INTO address_shipping (id, address, customer_id) VALUES (8,  'So 1, Thi tran Tay Dang, Huyen Ba Vi, Ha Noi', 11);
INSERT INTO address_shipping (id, address, customer_id) VALUES (9,  'So 1, Xa Ba Trai, Huyen Ba Vi, Ha Noi', 9);
INSERT INTO address_shipping (id, address, customer_id) VALUES (10, 'so 4, Xa Ba Vi, Huyen Ba Vi, Ha Noi', 6);
INSERT INTO address_shipping (id, address, customer_id) VALUES (11, 'So 4, Thi tran Chuc Son, Huyen Chuong My, Ha Noi', 9);
INSERT INTO address_shipping (id, address, customer_id) VALUES (12, 'so 101, Thi tran Phuc Tho, Huyen Phuc Tho, Ha Noi', 16);
INSERT INTO address_shipping (id, address, customer_id) VALUES (13, 'so 101, Thi tran Soc Son, Huyen Soc Son, Ha Noi', 16);
INSERT INTO address_shipping (id, address, customer_id) VALUES (14, 'so 3, Thi tran Chuc Son, Huyen Chuong My, Ha Noi', 16);
INSERT INTO address_shipping (id, address, customer_id) VALUES (15, 'so 4, Xa Ba Vi, Huyen Ba Vi, Ha Noi', 16);
INSERT INTO address_shipping (id, address, customer_id) VALUES (16, 'so 4, Xa Ba Trai, Huyen Ba Vi, Ha Noi', 11);
INSERT INTO address_shipping (id, address, customer_id) VALUES (17, 'so 4, Thi tran Tay Dang, Huyen Ba Vi, Ha Noi', 11);
INSERT INTO address_shipping (id, address, customer_id) VALUES (18, 'ewr, Thi tran Tay Dang, Huyen Ba Vi, Ha Noi', 19);
INSERT INTO address_shipping (id, address, customer_id) VALUES (19, 'khu pho 3 an phu quan 2, Thi tran Xuan Mai, Ha Noi', 20);
INSERT INTO address_shipping (id, address, customer_id) VALUES (20, 'khu pho 3 an phu quan 2, Xa Ba Trai, Ba Vi, Ha Noi', 21);
INSERT INTO address_shipping (id, address, customer_id) VALUES (21, 'khu pho 3 an phu quan 2, Thi tran Xuan Mai, Ha Noi', 22);
INSERT INTO address_shipping (id, address, customer_id) VALUES (22, '111, Thi tran Xuan Mai, Huyen Chuong My, Ha Noi', 23);
INSERT INTO address_shipping (id, address, customer_id) VALUES (23, 'ss', 24);
INSERT INTO address_shipping (id, address, customer_id) VALUES (24, '112/365 duong 7', 6);
INSERT INTO address_shipping (id, address, customer_id) VALUES (25, '112/365 duong 7', 13);
INSERT INTO address_shipping (id, address, customer_id) VALUES (26, '112/365 duong 7', 26);
INSERT INTO address_shipping (id, address, customer_id) VALUES (27, 'CC', 31);
INSERT INTO address_shipping (id, address, customer_id) VALUES (28, 'HCMUTE', 31);
COMMIT;
BEGIN DBMS_OUTPUT.PUT_LINE('>>> Insert ADDRESS_SHIPPING xong.'); END;
/

-- ============================================================
-- BUOC 8: RESET IDENTITY SEQUENCES ve GENERATED ALWAYS
-- va dat START WITH cao hon max ID da insert
-- ============================================================
ALTER TABLE role             MODIFY id GENERATED ALWAYS AS IDENTITY (START WITH 10  INCREMENT BY 1);
ALTER TABLE customer         MODIFY id GENERATED ALWAYS AS IDENTITY (START WITH 100 INCREMENT BY 1);
ALTER TABLE branch           MODIFY id GENERATED ALWAYS AS IDENTITY (START WITH 100 INCREMENT BY 1);
ALTER TABLE account          MODIFY id GENERATED ALWAYS AS IDENTITY (START WITH 100 INCREMENT BY 1);
ALTER TABLE address_shipping MODIFY id GENERATED ALWAYS AS IDENTITY (START WITH 100 INCREMENT BY 1);

COMMIT;

BEGIN
    DBMS_OUTPUT.PUT_LINE('');
    DBMS_OUTPUT.PUT_LINE('=== RESTORE HOAN THANH THANH CONG ===');
    DBMS_OUTPUT.PUT_LINE('TAI KHOAN CO THE DANG NHAP:');
    DBMS_OUTPUT.PUT_LINE('  admin@gmail.com       | ROLE_ADMIN  | mat khau: Admin@123');
    DBMS_OUTPUT.PUT_LINE('  nhanvien@gmail.com    | ROLE_STAFF  | mat khau: (khac)');
    DBMS_OUTPUT.PUT_LINE('  khachhang@gmail.com   | ROLE_USER   | mat khau: Admin@123');
    DBMS_OUTPUT.PUT_LINE('  vendor@test.com       | ROLE_VENDOR | mat khau: Admin@123');
    DBMS_OUTPUT.PUT_LINE('  nnnnnn@gmail.com      | ROLE_ADMIN  | mat khau: Admin@123');
END;
/
